From,Country_Code,country_name,Gender,Min_Age,Max_Age,Daily_Audience,Monthly_Audience,Timestamp,Daily_Audience_cats,Daily_Audience_Per,Monthly_Audience_Per
Portugal,AD,Andorra,1,13,65,2011,2300,1571760935,4,0.02277540573292411,0.011926605504587157
Portugal,AE,United Arab Emirates,1,13,65,776,1000,1571760935,3,0.008788520561287472,0.0
Portugal,AF,Afghanistan,1,13,65,994,1000,1571760935,4,0.011257460615875963,0.0
Portugal,AG,Antigua,1,13,65,0,1000,1571760935,0,0.0,0.0
Portugal,AI,Anguilla,1,13,65,0,1000,1571760935,0,0.0,0.0
Portugal,AL,Albania,1,13,65,0,1000,1571760935,0,0.0,0.0
Portugal,AM,Armenia,1,13,65,0,1000,1571760935,0,0.0,0.0
Portugal,AN,Netherlands Antilles,1,13,65,0,1000,1571760935,0,0.0,0.0
Portugal,AO,Angola,1,13,65,5299,12000,1571760935,4,0.06001336398745144,0.10091743119266056
Portugal,AQ,Antarctica,1,13,65,0,1000,1571760935,0,0.0,0.0
Portugal,AR,Argentina,1,13,65,686,1100,1571760935,3,0.007769233382787637,0.0009174311926605505
Portugal,AS,American Samoa,1,13,65,0,1000,1571760935,0,0.0,0.0
Portugal,AT,Austria,1,13,65,887,1000,1571760935,4,0.010045641414770604,0.0
Portugal,AU,Australia,1,13,65,1175,1900,1571760935,4,0.013307360385970078,0.008256880733944955
Portugal,AW,Aruba,1,13,65,0,1000,1571760935,0,0.0,0.0
Portugal,AX,Aland Islands,1,13,65,0,1000,1571760935,0,0.0,0.0
Portugal,AZ,Azerbaijan,1,13,65,0,1000,1571760935,0,0.0,0.0
Portugal,BA,Bosnia and Herzegovina,1,13,65,0,1000,1571760935,0,0.0,0.0
Portugal,BB,Barbados,1,13,65,989,1000,1571760935,4,0.01120083355040375,0.0
Portugal,BD,Bangladesh,1,13,65,554,1000,1571760935,3,0.006274278854321211,0.0
Portugal,BE,Belgium,1,13,65,6551,8500,1571760935,4,0.0741927811816936,0.06880733944954129
Portugal,BF,Burkina Faso,1,13,65,0,1000,1571760935,0,0.0,0.0
Portugal,BG,Bulgaria,1,13,65,497,1000,1571760935,3,0.005628730307937982,0.0
Portugal,BH,Bahrain,1,13,65,0,1000,1571760935,0,0.0,0.0
Portugal,BI,Burundi,1,13,65,0,1000,1571760935,0,0.0,0.0
Portugal,BJ,Benin,1,13,65,180,1900,1571760935,3,0.0020385743569996716,0.008256880733944955
Portugal,BL,Saint Barthélemy,1,13,65,994,1000,1571760935,4,0.011257460615875963,0.0
Portugal,BM,Bermuda,1,13,65,554,1000,1571760935,3,0.006274278854321211,0.0
Portugal,BN,Brunei,1,13,65,0,1000,1571760935,0,0.0,0.0
Portugal,BO,Bolivia,1,13,65,332,1000,1571760935,3,0.00376003714735495,0.0
Portugal,BQ,"Bonaire, Sint Eustatius and Saba",1,13,65,0,1000,1571760935,0,0.0,0.0
Portugal,BR,Brazil,1,13,65,27687,47000,1571760935,4,0.31356671234583283,0.42201834862385323
Portugal,BS,The Bahamas,1,13,65,0,1000,1571760935,0,0.0,0.0
Portugal,BT,Bhutan,1,13,65,0,1000,1571760935,0,0.0,0.0
Portugal,BV,Bouvet Island,1,13,65,0,1000,1571760935,0,0.0,0.0
Portugal,BW,Botswana,1,13,65,994,1000,1571760935,4,0.011257460615875963,0.0
Portugal,BY,Belarus,1,13,65,0,1000,1571760935,0,0.0,0.0
Portugal,BZ,Belize,1,13,65,0,1000,1571760935,0,0.0,0.0
Portugal,CA,Canada,1,13,65,11811,15000,1571760935,4,0.1337644540584618,0.12844036697247707
Portugal,CC,Cocos (Keeling) Islands,1,13,65,0,1000,1571760935,0,0.0,0.0
Portugal,CD,Democratic Republic of the Congo,1,13,65,0,1000,1571760935,0,0.0,0.0
Portugal,CF,Central African Republic,1,13,65,0,1000,1571760935,0,0.0,0.0
Portugal,CG,Republic of the Congo,1,13,65,0,1000,1571760935,0,0.0,0.0
Portugal,CH,Switzerland,1,13,65,43403,54000,1571760935,4,0.49155690453809303,0.48623853211009177
Portugal,CI,Côte d'Ivoire,1,13,65,199,1000,1571760935,3,0.0022537572057940813,0.0
Portugal,CK,Cook Islands,1,13,65,0,1000,1571760935,0,0.0,0.0
Portugal,CL,Chile,1,13,65,749,1000,1571760935,3,0.008482734407737523,0.0
Portugal,CM,Cameroon,1,13,65,0,1000,1571760935,0,0.0,0.0
Portugal,CN,China,1,13,65,0,1000,1571760935,0,0.0,0.0
Portugal,CO,Colombia,1,13,65,732,1100,1571760935,3,0.008290202385131997,0.0009174311926605505
Portugal,CR,Costa Rica,1,13,65,989,1000,1571760935,4,0.01120083355040375,0.0
Portugal,AD,Andorra,2,13,65,2099,2300,1571760935,4,0.02377204208523506,0.011926605504587157
Portugal,AE,United Arab Emirates,2,13,65,798,1000,1571760935,3,0.00903767964936521,0.0
Portugal,AF,Afghanistan,2,13,65,0,1000,1571760935,0,0.0,0.0
Portugal,AG,Antigua,2,13,65,0,1000,1571760935,0,0.0,0.0
Portugal,AI,Anguilla,2,13,65,0,1000,1571760935,0,0.0,0.0
Portugal,AL,Albania,2,13,65,0,1000,1571760935,0,0.0,0.0
Portugal,AM,Armenia,2,13,65,0,1000,1571760935,0,0.0,0.0
Portugal,AN,Netherlands Antilles,2,13,65,0,1000,1571760935,0,0.0,0.0
Portugal,AO,Angola,2,13,65,3006,6500,1571760935,4,0.034044191761894514,0.05045871559633028
Portugal,AQ,Antarctica,2,13,65,0,1000,1571760935,0,0.0,0.0
Portugal,AR,Argentina,2,13,65,749,1000,1571760935,3,0.008482734407737523,0.0
Portugal,AS,American Samoa,2,13,65,0,1000,1571760935,0,0.0,0.0
Portugal,AT,Austria,2,13,65,748,1000,1571760935,3,0.00847140899464308,0.0
Portugal,AU,Australia,2,13,65,1945,2200,1571760935,4,0.022027928468690894,0.011009174311926606
Portugal,AW,Aruba,2,13,65,0,1000,1571760935,0,0.0,0.0
Portugal,AX,Aland Islands,2,13,65,0,1000,1571760935,0,0.0,0.0
Portugal,AZ,Azerbaijan,2,13,65,0,1000,1571760935,0,0.0,0.0
Portugal,BA,Bosnia and Herzegovina,2,13,65,0,1000,1571760935,0,0.0,0.0
Portugal,BB,Barbados,2,13,65,0,1000,1571760935,0,0.0,0.0
Portugal,BD,Bangladesh,2,13,65,0,1000,1571760935,0,0.0,0.0
Portugal,BE,Belgium,2,13,65,5326,6500,1571760935,4,0.06031915014100139,0.05045871559633028
Portugal,BF,Burkina Faso,2,13,65,0,1000,1571760935,0,0.0,0.0
Portugal,BG,Bulgaria,2,13,65,0,1000,1571760935,0,0.0,0.0
Portugal,BH,Bahrain,2,13,65,0,1000,1571760935,0,0.0,0.0
Portugal,BI,Burundi,2,13,65,989,1000,1571760935,4,0.01120083355040375,0.0
Portugal,BJ,Benin,2,13,65,122,1100,1571760935,3,0.0013817003975219997,0.0009174311926605505
Portugal,BL,Saint Barthélemy,2,13,65,996,1000,1571760935,4,0.011280111442064849,0.0
Portugal,BM,Bermuda,2,13,65,0,1000,1571760935,0,0.0,0.0
Portugal,BN,Brunei,2,13,65,0,1000,1571760935,0,0.0,0.0
Portugal,BO,Bolivia,2,13,65,994,1000,1571760935,4,0.011257460615875963,0.0
Portugal,BQ,"Bonaire, Sint Eustatius and Saba",2,13,65,0,1000,1571760935,0,0.0,0.0
Portugal,BR,Brazil,2,13,65,30801,46000,1571760935,4,0.34883404872192714,0.41284403669724773
Portugal,BS,The Bahamas,2,13,65,0,1000,1571760935,0,0.0,0.0
Portugal,BT,Bhutan,2,13,65,0,1000,1571760935,0,0.0,0.0
Portugal,BV,Bouvet Island,2,13,65,0,1000,1571760935,0,0.0,0.0
Portugal,BW,Botswana,2,13,65,0,1000,1571760935,0,0.0,0.0
Portugal,BY,Belarus,2,13,65,0,1000,1571760935,0,0.0,0.0
Portugal,BZ,Belize,2,13,65,0,1000,1571760935,0,0.0,0.0
Portugal,CA,Canada,2,13,65,14965,18000,1571760935,4,0.16948480695833382,0.1559633027522936
Portugal,CC,Cocos (Keeling) Islands,2,13,65,0,1000,1571760935,0,0.0,0.0
Portugal,CD,Democratic Republic of the Congo,2,13,65,0,1000,1571760935,0,0.0,0.0
Portugal,CF,Central African Republic,2,13,65,0,1000,1571760935,0,0.0,0.0
Portugal,CG,Republic of the Congo,2,13,65,989,1000,1571760935,4,0.01120083355040375,0.0
Portugal,CH,Switzerland,2,13,65,41440,49000,1571760935,4,0.4693251186337022,0.44036697247706424
Portugal,CI,Côte d'Ivoire,2,13,65,249,1000,1571760935,3,0.0028200278605162122,0.0
Portugal,CK,Cook Islands,2,13,65,0,1000,1571760935,0,0.0,0.0
Portugal,CL,Chile,2,13,65,994,1000,1571760935,4,0.011257460615875963,0.0
Portugal,CM,Cameroon,2,13,65,497,1000,1571760935,3,0.005628730307937982,0.0
Portugal,CN,China,2,13,65,199,1000,1571760935,3,0.0022537572057940813,0.0
Portugal,CO,Colombia,2,13,65,831,1000,1571760935,3,0.009411418281481817,0.0
Portugal,CR,Costa Rica,2,13,65,0,1000,1571760935,0,0.0,0.0
Portugal,CV,Cape Verde,1,13,65,2037,3300,1571760935,4,0.023069866473379618,0.02110091743119266
Portugal,CW,Curaçao,1,13,65,0,1000,1571760935,0,0.0,0.0
Portugal,CX,Christmas Island,1,13,65,0,1000,1571760935,0,0.0,0.0
Portugal,CY,Cyprus,1,13,65,0,1000,1571760935,0,0.0,0.0
Portugal,CZ,Czech Republic,1,13,65,0,1000,1571760935,0,0.0,0.0
Portugal,DE,Germany,1,13,65,10181,14000,1571760935,4,0.1153040307145203,0.11926605504587157
Portugal,DJ,Djibouti,1,13,65,0,1000,1571760935,0,0.0,0.0
Portugal,DK,Denmark,1,13,65,994,1000,1571760935,4,0.011257460615875963,0.0
Portugal,DM,Dominica,1,13,65,0,1000,1571760935,0,0.0,0.0
Portugal,DO,Dominican Republic,1,13,65,249,1000,1571760935,3,0.0028200278605162122,0.0
Portugal,DZ,Algeria,1,13,65,1451,2500,1571760935,4,0.016433174400036242,0.013761467889908258
Portugal,EC,Ecuador,1,13,65,664,1000,1571760935,3,0.0075200742947099,0.0
Portugal,EE,Estonia,1,13,65,0,1000,1571760935,0,0.0,0.0
Portugal,EG,Egypt,1,13,65,199,1000,1571760935,3,0.0022537572057940813,0.0
Portugal,EH,Western Sahara,1,13,65,0,1000,1571760935,0,0.0,0.0
Portugal,ER,Eritrea,1,13,65,0,1000,1571760935,0,0.0,0.0
Portugal,ES,Spain,1,13,65,11318,15000,1571760935,4,0.12818102540290158,0.12844036697247707
Portugal,ET,Ethiopia,1,13,65,249,1000,1571760935,3,0.0028200278605162122,0.0
Portugal,FI,Finland,1,13,65,748,1000,1571760935,3,0.00847140899464308,0.0
Portugal,FJ,Fiji,1,13,65,0,1000,1571760935,0,0.0,0.0
Portugal,FK,Falkland Islands,1,13,65,0,1000,1571760935,0,0.0,0.0
Portugal,FM,Federated States of Micronesia,1,13,65,0,1000,1571760935,0,0.0,0.0
Portugal,FO,Faroe Islands,1,13,65,0,1000,1571760935,0,0.0,0.0
Portugal,FR,France,1,13,65,86693,110000,1571760935,4,0.9818340373965141,1.0
Portugal,GA,Gabon,1,13,65,199,1000,1571760935,3,0.0022537572057940813,0.0
Portugal,GB,United Kingdom,1,13,65,18068,26000,1571760935,4,0.20462756379038927,0.22935779816513763
Portugal,GD,Grenada,1,13,65,0,1000,1571760935,0,0.0,0.0
Portugal,GE,Georgia,1,13,65,0,1000,1571760935,0,0.0,0.0
Portugal,GF,French Guiana,1,13,65,0,1000,1571760935,0,0.0,0.0
Portugal,GG,Guernsey,1,13,65,399,1000,1571760935,3,0.004518839824682605,0.0
Portugal,GH,Ghana,1,13,65,624,1000,1571760935,3,0.007067057770932195,0.0
Portugal,GI,Gibraltar,1,13,65,497,1000,1571760935,3,0.005628730307937982,0.0
Portugal,GL,Greenland,1,13,65,0,1000,1571760935,0,0.0,0.0
Portugal,GM,The Gambia,1,13,65,0,1000,1571760935,0,0.0,0.0
Portugal,GN,Guinea,1,13,65,498,1000,1571760935,3,0.0056400557210324245,0.0
Portugal,GP,Guadeloupe,1,13,65,0,1000,1571760935,0,0.0,0.0
Portugal,GQ,Equatorial Guinea,1,13,65,0,1000,1571760935,0,0.0,0.0
Portugal,GR,Greece,1,13,65,994,1000,1571760935,4,0.011257460615875963,0.0
Portugal,GS,South Georgia and the South Sandwich Islands,1,13,65,0,1000,1571760935,0,0.0,0.0
Portugal,GT,Guatemala,1,13,65,996,1000,1571760935,4,0.011280111442064849,0.0
Portugal,GU,Guam,1,13,65,0,1000,1571760935,0,0.0,0.0
Portugal,GW,Guinea-Bissau,1,13,65,399,1000,1571760935,3,0.004518839824682605,0.0
Portugal,GY,Guyana,1,13,65,0,1000,1571760935,0,0.0,0.0
Portugal,HK,Hong Kong,1,13,65,0,1000,1571760935,0,0.0,0.0
Portugal,HM,Heard Island and McDonald Islands,1,13,65,0,1000,1571760935,0,0.0,0.0
Portugal,HN,Honduras,1,13,65,996,1000,1571760935,4,0.011280111442064849,0.0
Portugal,HR,Croatia,1,13,65,0,1000,1571760935,0,0.0,0.0
Portugal,HT,Haiti,1,13,65,0,1000,1571760935,0,0.0,0.0
Portugal,HU,Hungary,1,13,65,994,1000,1571760935,4,0.011257460615875963,0.0
Portugal,CV,Cape Verde,2,13,65,1895,2900,1571760935,4,0.021461657813968766,0.01743119266055046
Portugal,CW,Curaçao,2,13,65,497,1000,1571760935,3,0.005628730307937982,0.0
Portugal,CX,Christmas Island,2,13,65,0,1000,1571760935,0,0.0,0.0
Portugal,CY,Cyprus,2,13,65,0,1000,1571760935,0,0.0,0.0
Portugal,CZ,Czech Republic,2,13,65,497,1000,1571760935,3,0.005628730307937982,0.0
Portugal,DE,Germany,2,13,65,9095,12000,1571760935,4,0.10300463209395563,0.10091743119266056
Portugal,DJ,Djibouti,2,13,65,0,1000,1571760935,0,0.0,0.0
Portugal,DK,Denmark,2,13,65,497,1000,1571760935,3,0.005628730307937982,0.0
Portugal,DM,Dominica,2,13,65,0,1000,1571760935,0,0.0,0.0
Portugal,DO,Dominican Republic,2,13,65,0,1000,1571760935,0,0.0,0.0
Portugal,DZ,Algeria,2,13,65,544,1000,1571760935,3,0.006161024723376785,0.0
Portugal,EC,Ecuador,2,13,65,994,1000,1571760935,4,0.011257460615875963,0.0
Portugal,EE,Estonia,2,13,65,0,1000,1571760935,0,0.0,0.0
Portugal,EG,Egypt,2,13,65,399,1000,1571760935,3,0.004518839824682605,0.0
Portugal,EH,Western Sahara,2,13,65,0,1000,1571760935,0,0.0,0.0
Portugal,ER,Eritrea,2,13,65,0,1000,1571760935,0,0.0,0.0
Portugal,ES,Spain,2,13,65,9580,13000,1571760935,4,0.1084974574447603,0.11009174311926606
Portugal,ET,Ethiopia,2,13,65,0,1000,1571760935,0,0.0,0.0
Portugal,FI,Finland,2,13,65,0,1000,1571760935,0,0.0,0.0
Portugal,FJ,Fiji,2,13,65,994,1000,1571760935,4,0.011257460615875963,0.0
Portugal,FK,Falkland Islands,2,13,65,0,1000,1571760935,0,0.0,0.0
Portugal,FM,Federated States of Micronesia,2,13,65,0,1000,1571760935,0,0.0,0.0
Portugal,FO,Faroe Islands,2,13,65,0,1000,1571760935,0,0.0,0.0
Portugal,FR,France,2,13,65,88297,110000,1571760935,4,1.0,1.0
Portugal,GA,Gabon,2,13,65,0,1000,1571760935,0,0.0,0.0
Portugal,GB,United Kingdom,2,13,65,21315,27000,1571760935,4,0.24140118010804443,0.23853211009174313
Portugal,GD,Grenada,2,13,65,0,1000,1571760935,0,0.0,0.0
Portugal,GE,Georgia,2,13,65,994,1000,1571760935,4,0.011257460615875963,0.0
Portugal,GF,French Guiana,2,13,65,989,1000,1571760935,4,0.01120083355040375,0.0
Portugal,GG,Guernsey,2,13,65,989,1000,1571760935,4,0.01120083355040375,0.0
Portugal,GH,Ghana,2,13,65,0,1000,1571760935,0,0.0,0.0
Portugal,GI,Gibraltar,2,13,65,0,1000,1571760935,0,0.0,0.0
Portugal,GL,Greenland,2,13,65,0,1000,1571760935,0,0.0,0.0
Portugal,GM,The Gambia,2,13,65,0,1000,1571760935,0,0.0,0.0
Portugal,GN,Guinea,2,13,65,0,1000,1571760935,0,0.0,0.0
Portugal,GP,Guadeloupe,2,13,65,0,1000,1571760935,0,0.0,0.0
Portugal,GQ,Equatorial Guinea,2,13,65,0,1000,1571760935,0,0.0,0.0
Portugal,GR,Greece,2,13,65,989,1000,1571760935,4,0.01120083355040375,0.0
Portugal,GS,South Georgia and the South Sandwich Islands,2,13,65,0,1000,1571760935,0,0.0,0.0
Portugal,GT,Guatemala,2,13,65,989,1000,1571760935,4,0.01120083355040375,0.0
Portugal,GU,Guam,2,13,65,0,1000,1571760935,0,0.0,0.0
Portugal,GW,Guinea-Bissau,2,13,65,498,1000,1571760935,3,0.0056400557210324245,0.0
Portugal,GY,Guyana,2,13,65,0,1000,1571760935,0,0.0,0.0
Portugal,HK,Hong Kong,2,13,65,497,1000,1571760935,3,0.005628730307937982,0.0
Portugal,HM,Heard Island and McDonald Islands,2,13,65,0,1000,1571760935,0,0.0,0.0
Portugal,HN,Honduras,2,13,65,0,1000,1571760935,0,0.0,0.0
Portugal,HR,Croatia,2,13,65,0,1000,1571760935,0,0.0,0.0
Portugal,HT,Haiti,2,13,65,994,1000,1571760935,4,0.011257460615875963,0.0
Portugal,HU,Hungary,2,13,65,994,1000,1571760935,4,0.011257460615875963,0.0
Portugal,CV,Cape Verde,1,13,65,2037,3300,1571760935,4,0.023069866473379618,0.02110091743119266
Portugal,ID,Indonesia,1,13,65,4552,7700,1571760935,4,0.051553280405902804,0.061467889908256884
Portugal,IE,Ireland,1,13,65,454,1000,1571760935,3,0.0051417375448769495,0.0
Portugal,IL,Israel,1,13,65,989,1000,1571760935,4,0.01120083355040375,0.0
Portugal,IM,Isle Of Man,1,13,65,0,1000,1571760935,0,0.0,0.0
Portugal,IN,India,1,13,65,1476,3200,1571760935,4,0.016716309727397308,0.02018348623853211
Portugal,IO,British Indian Ocean Territory,1,13,65,0,1000,1571760935,0,0.0,0.0
Portugal,IQ,Iraq,1,13,65,798,1000,1571760935,3,0.00903767964936521,0.0
Portugal,IS,Iceland,1,13,65,855,1000,1571760935,4,0.00968322819574844,0.0
Portugal,IT,Italy,1,13,65,1009,1600,1571760935,4,0.011427341812292604,0.005504587155963303
Portugal,JE,Jersey,1,13,65,1825,2000,1571760935,4,0.02066887889735778,0.009174311926605505
Portugal,JM,Jamaica,1,13,65,0,1000,1571760935,0,0.0,0.0
Portugal,JO,Jordan,1,13,65,0,1000,1571760935,0,0.0,0.0
Portugal,JP,Japan,1,13,65,994,1000,1571760935,4,0.011257460615875963,0.0
Portugal,KE,Kenya,1,13,65,332,1000,1571760935,3,0.00376003714735495,0.0
Portugal,KG,Kyrgyzstan,1,13,65,0,1000,1571760935,0,0.0,0.0
Portugal,KH,Cambodia,1,13,65,0,1000,1571760935,0,0.0,0.0
Portugal,KI,Kiribati,1,13,65,0,1000,1571760935,0,0.0,0.0
Portugal,KM,Comoros,1,13,65,0,1000,1571760935,0,0.0,0.0
Portugal,KN,Saint Kitts and Nevis,1,13,65,0,1000,1571760935,0,0.0,0.0
Portugal,KR,South Korea,1,13,65,994,1000,1571760935,4,0.011257460615875963,0.0
Portugal,KW,Kuwait,1,13,65,497,1000,1571760935,3,0.005628730307937982,0.0
Portugal,KY,Cayman Islands,1,13,65,0,1000,1571760935,0,0.0,0.0
Portugal,KZ,Kazakhstan,1,13,65,0,1000,1571760935,0,0.0,0.0
Portugal,LA,Laos,1,13,65,0,1000,1571760935,0,0.0,0.0
Portugal,LB,Lebanon,1,13,65,664,1000,1571760935,3,0.0075200742947099,0.0
Portugal,LC,St. Lucia,1,13,65,0,1000,1571760935,0,0.0,0.0
Portugal,LI,Liechtenstein,1,13,65,0,1000,1571760935,0,0.0,0.0
Portugal,LK,Sri Lanka,1,13,65,0,1000,1571760935,0,0.0,0.0
Portugal,LR,Liberia,1,13,65,0,1000,1571760935,0,0.0,0.0
Portugal,LS,Lesotho,1,13,65,994,1000,1571760935,4,0.011257460615875963,0.0
Portugal,LT,Lithuania,1,13,65,0,1000,1571760935,0,0.0,0.0
Portugal,LU,Luxembourg,1,13,65,13900,16000,1571760935,4,0.15742324201275243,0.13761467889908258
Portugal,LV,Latvia,1,13,65,0,1000,1571760935,0,0.0,0.0
Portugal,LY,Libya,1,13,65,989,1000,1571760935,4,0.01120083355040375,0.0
Portugal,MA,Morocco,1,13,65,590,1300,1571760935,3,0.006681993725721145,0.0027522935779816515
Portugal,MC,Monaco,1,13,65,994,1000,1571760935,4,0.011257460615875963,0.0
Portugal,MD,Moldova,1,13,65,989,1000,1571760935,4,0.01120083355040375,0.0
Portugal,ME,Montenegro,1,13,65,0,1000,1571760935,0,0.0,0.0
Portugal,MF,Saint Martin,1,13,65,0,1000,1571760935,0,0.0,0.0
Portugal,MG,Madagascar,1,13,65,994,1000,1571760935,4,0.011257460615875963,0.0
Portugal,MH,Marshall Islands,1,13,65,0,1000,1571760935,0,0.0,0.0
Portugal,MK,Macedonia,1,13,65,0,1000,1571760935,0,0.0,0.0
Portugal,ML,Mali,1,13,65,989,1000,1571760935,4,0.01120083355040375,0.0
Portugal,MM,Myanmar,1,13,65,0,1000,1571760935,0,0.0,0.0
Portugal,MN,Mongolia,1,13,65,0,1000,1571760935,0,0.0,0.0
Portugal,MO,Macau,1,13,65,823,1000,1571760935,3,0.009320814976726276,0.0
Portugal,MP,Northern Mariana Islands,1,13,65,0,1000,1571760935,0,0.0,0.0
Portugal,MQ,Martinique,1,13,65,0,1000,1571760935,0,0.0,0.0
Portugal,MR,Mauritania,1,13,65,0,1000,1571760935,0,0.0,0.0
Portugal,CV,Cape Verde,2,13,65,1895,2900,1571760935,4,0.021461657813968766,0.01743119266055046
Portugal,ID,Indonesia,2,13,65,1379,2300,1571760935,4,0.015617744657236372,0.011926605504587157
Portugal,IE,Ireland,2,13,65,831,1000,1571760935,3,0.009411418281481817,0.0
Portugal,IL,Israel,2,13,65,0,1000,1571760935,0,0.0,0.0
Portugal,IM,Isle Of Man,2,13,65,0,1000,1571760935,0,0.0,0.0
Portugal,IN,India,2,13,65,374,1000,1571760935,3,0.00423570449732154,0.0
Portugal,IO,British Indian Ocean Territory,2,13,65,0,1000,1571760935,0,0.0,0.0
Portugal,IQ,Iraq,2,13,65,0,1000,1571760935,0,0.0,0.0
Portugal,IS,Iceland,2,13,65,994,1000,1571760935,4,0.011257460615875963,0.0
Portugal,IT,Italy,2,13,65,1222,1600,1571760935,4,0.013839654801408882,0.005504587155963303
Portugal,JE,Jersey,2,13,65,1865,2100,1571760935,4,0.021121895421135486,0.010091743119266056
Portugal,JM,Jamaica,2,13,65,0,1000,1571760935,0,0.0,0.0
Portugal,JO,Jordan,2,13,65,497,1000,1571760935,3,0.005628730307937982,0.0
Portugal,JP,Japan,2,13,65,0,1000,1571760935,0,0.0,0.0
Portugal,KE,Kenya,2,13,65,0,1000,1571760935,0,0.0,0.0
Portugal,KG,Kyrgyzstan,2,13,65,0,1000,1571760935,0,0.0,0.0
Portugal,KH,Cambodia,2,13,65,0,1000,1571760935,0,0.0,0.0
Portugal,KI,Kiribati,2,13,65,0,1000,1571760935,0,0.0,0.0
Portugal,KM,Comoros,2,13,65,0,1000,1571760935,0,0.0,0.0
Portugal,KN,Saint Kitts and Nevis,2,13,65,0,1000,1571760935,0,0.0,0.0
Portugal,KR,South Korea,2,13,65,989,1000,1571760935,4,0.01120083355040375,0.0
Portugal,KW,Kuwait,2,13,65,989,1000,1571760935,4,0.01120083355040375,0.0
Portugal,KY,Cayman Islands,2,13,65,0,1000,1571760935,0,0.0,0.0
Portugal,KZ,Kazakhstan,2,13,65,0,1000,1571760935,0,0.0,0.0
Portugal,LA,Laos,2,13,65,0,1000,1571760935,0,0.0,0.0
Portugal,LB,Lebanon,2,13,65,0,1000,1571760935,0,0.0,0.0
Portugal,LC,St. Lucia,2,13,65,0,1000,1571760935,0,0.0,0.0
Portugal,LI,Liechtenstein,2,13,65,0,1000,1571760935,0,0.0,0.0
Portugal,LK,Sri Lanka,2,13,65,0,1000,1571760935,0,0.0,0.0
Portugal,LR,Liberia,2,13,65,0,1000,1571760935,0,0.0,0.0
Portugal,LS,Lesotho,2,13,65,0,1000,1571760935,0,0.0,0.0
Portugal,LT,Lithuania,2,13,65,994,1000,1571760935,4,0.011257460615875963,0.0
Portugal,LU,Luxembourg,2,13,65,13773,16000,1571760935,4,0.1559849145497582,0.13761467889908258
Portugal,LV,Latvia,2,13,65,0,1000,1571760935,0,0.0,0.0
Portugal,LY,Libya,2,13,65,0,1000,1571760935,0,0.0,0.0
Portugal,MA,Morocco,2,13,65,332,1000,1571760935,3,0.00376003714735495,0.0
Portugal,MC,Monaco,2,13,65,997,1000,1571760935,4,0.011291436855159293,0.0
Portugal,MD,Moldova,2,13,65,989,1000,1571760935,4,0.01120083355040375,0.0
Portugal,ME,Montenegro,2,13,65,0,1000,1571760935,0,0.0,0.0
Portugal,MF,Saint Martin,2,13,65,0,1000,1571760935,0,0.0,0.0
Portugal,MG,Madagascar,2,13,65,0,1000,1571760935,0,0.0,0.0
Portugal,MH,Marshall Islands,2,13,65,0,1000,1571760935,0,0.0,0.0
Portugal,MK,Macedonia,2,13,65,0,1000,1571760935,0,0.0,0.0
Portugal,ML,Mali,2,13,65,497,1000,1571760935,3,0.005628730307937982,0.0
Portugal,MM,Myanmar,2,13,65,989,1000,1571760935,4,0.01120083355040375,0.0
Portugal,MN,Mongolia,2,13,65,0,1000,1571760935,0,0.0,0.0
Portugal,MO,Macau,2,13,65,664,1000,1571760935,3,0.0075200742947099,0.0
Portugal,MP,Northern Mariana Islands,2,13,65,0,1000,1571760935,0,0.0,0.0
Portugal,MQ,Martinique,2,13,65,0,1000,1571760935,0,0.0,0.0
Portugal,MR,Mauritania,2,13,65,989,1000,1571760935,4,0.01120083355040375,0.0
Portugal,CV,Cape Verde,1,13,65,2037,3300,1571760935,4,0.023069866473379618,0.02110091743119266
Portugal,MS,Montserrat,1,13,65,0,1000,1571760935,0,0.0,0.0
Portugal,MT,Malta,1,13,65,0,1000,1571760935,0,0.0,0.0
Portugal,MU,Mauritius,1,13,65,0,1000,1571760935,0,0.0,0.0
Portugal,MV,Maldives,1,13,65,0,1000,1571760935,0,0.0,0.0
Portugal,MW,Malawi,1,13,65,989,1000,1571760935,4,0.01120083355040375,0.0
Portugal,MX,Mexico,1,13,65,6446,7900,1571760935,4,0.07300361280677713,0.06330275229357799
Portugal,MY,Malaysia,1,13,65,570,1000,1571760935,3,0.006455485463832293,0.0
Portugal,MZ,Mozambique,1,13,65,1756,3100,1571760935,4,0.01988742539384124,0.01926605504587156
Portugal,,Namibia,1,13,65,989,1000,1571760935,4,0.01120083355040375,0.0
Portugal,NC,New Caledonia,1,13,65,989,1000,1571760935,4,0.01120083355040375,0.0
Portugal,NE,Niger,1,13,65,0,1000,1571760935,0,0.0,0.0
Portugal,NF,Norfolk Island,1,13,65,0,1000,1571760935,0,0.0,0.0
Portugal,NG,Nigeria,1,13,65,1490,4000,1571760935,4,0.016874865510719504,0.027522935779816515
Portugal,NI,Nicaragua,1,13,65,989,1000,1571760935,4,0.01120083355040375,0.0
Portugal,NL,Netherlands,1,13,65,2499,3900,1571760935,4,0.028302207323012106,0.026605504587155965
Portugal,NO,Norway,1,13,65,908,1000,1571760935,4,0.010283475089753899,0.0
Portugal,NP,Nepal,1,13,65,748,1000,1571760935,3,0.00847140899464308,0.0
Portugal,NR,Nauru,1,13,65,0,1000,1571760935,0,0.0,0.0
Portugal,NU,Niue,1,13,65,0,1000,1571760935,0,0.0,0.0
Portugal,NZ,New Zealand,1,13,65,0,1000,1571760935,0,0.0,0.0
Portugal,OM,Oman,1,13,65,0,1000,1571760935,0,0.0,0.0
Portugal,PA,Panama,1,13,65,498,1000,1571760935,3,0.0056400557210324245,0.0
Portugal,PE,Peru,1,13,65,687,1000,1571760935,3,0.00778055879588208,0.0
Portugal,PF,French Polynesia,1,13,65,0,1000,1571760935,0,0.0,0.0
Portugal,PG,Papua New Guinea,1,13,65,0,1000,1571760935,0,0.0,0.0
Portugal,PH,Philippines,1,13,65,1812,3400,1571760935,4,0.020521648527130027,0.022018348623853212
Portugal,PK,Pakistan,1,13,65,221,1000,1571760935,3,0.002502916293871819,0.0
Portugal,PL,Poland,1,13,65,997,1000,1571760935,4,0.011291436855159293,0.0
Portugal,PM,Saint Pierre and Miquelon,1,13,65,0,1000,1571760935,0,0.0,0.0
Portugal,PN,Pitcairn,1,13,65,0,1000,1571760935,0,0.0,0.0
Portugal,PR,Puerto Rico,1,13,65,0,1000,1571760935,0,0.0,0.0
Portugal,PS,Palestine,1,13,65,0,1000,1571760935,0,0.0,0.0
Portugal,PT,Portugal,1,13,65,2344,3300,1571760935,4,0.0265467682933735,0.02110091743119266
Portugal,PW,Palau,1,13,65,0,1000,1571760935,0,0.0,0.0
Portugal,PY,Paraguay,1,13,65,989,1000,1571760935,4,0.01120083355040375,0.0
Portugal,QA,Qatar,1,13,65,0,1000,1571760935,0,0.0,0.0
Portugal,RE,Réunion,1,13,65,0,1000,1571760935,0,0.0,0.0
Portugal,RO,Romania,1,13,65,996,1000,1571760935,4,0.011280111442064849,0.0
Portugal,RS,Serbia,1,13,65,0,1000,1571760935,0,0.0,0.0
Portugal,RU,Russia,1,13,65,498,1000,1571760935,3,0.0056400557210324245,0.0
Portugal,RW,Rwanda,1,13,65,0,1000,1571760935,0,0.0,0.0
Portugal,SA,Saudi Arabia,1,13,65,332,1000,1571760935,3,0.00376003714735495,0.0
Portugal,SB,Solomon Islands,1,13,65,0,1000,1571760935,0,0.0,0.0
Portugal,SC,Seychelles,1,13,65,0,1000,1571760935,0,0.0,0.0
Portugal,SE,Sweden,1,13,65,768,1000,1571760935,3,0.008697917256531932,0.0
Portugal,SG,Singapore,1,13,65,996,1000,1571760935,4,0.011280111442064849,0.0
Portugal,SH,Saint Helena,1,13,65,0,1000,1571760935,0,0.0,0.0
Portugal,SI,Slovenia,1,13,65,0,1000,1571760935,0,0.0,0.0
Portugal,SJ,Svalbard and Jan Mayen,1,13,65,0,1000,1571760935,0,0.0,0.0
Portugal,CV,Cape Verde,2,13,65,1895,2900,1571760935,4,0.021461657813968766,0.01743119266055046
Portugal,MS,Montserrat,2,13,65,0,1000,1571760935,0,0.0,0.0
Portugal,MT,Malta,2,13,65,0,1000,1571760935,0,0.0,0.0
Portugal,MU,Mauritius,2,13,65,0,1000,1571760935,0,0.0,0.0
Portugal,MV,Maldives,2,13,65,989,1000,1571760935,4,0.01120083355040375,0.0
Portugal,MW,Malawi,2,13,65,0,1000,1571760935,0,0.0,0.0
Portugal,MX,Mexico,2,13,65,1480,2000,1571760935,4,0.01676161137977508,0.009174311926605505
Portugal,MY,Malaysia,2,13,65,994,1000,1571760935,4,0.011257460615875963,0.0
Portugal,MZ,Mozambique,2,13,65,1019,1700,1571760935,4,0.011540595943237029,0.006422018348623854
Portugal,,Namibia,2,13,65,0,1000,1571760935,0,0.0,0.0
Portugal,NC,New Caledonia,2,13,65,0,1000,1571760935,0,0.0,0.0
Portugal,NE,Niger,2,13,65,989,1000,1571760935,4,0.01120083355040375,0.0
Portugal,NF,Norfolk Island,2,13,65,0,1000,1571760935,0,0.0,0.0
Portugal,NG,Nigeria,2,13,65,792,1700,1571760935,3,0.008969727170798554,0.006422018348623854
Portugal,NI,Nicaragua,2,13,65,0,1000,1571760935,0,0.0,0.0
Portugal,NL,Netherlands,2,13,65,2604,3200,1571760935,4,0.029491375697928583,0.02018348623853211
Portugal,NO,Norway,2,13,65,831,1000,1571760935,3,0.009411418281481817,0.0
Portugal,NP,Nepal,2,13,65,0,1000,1571760935,0,0.0,0.0
Portugal,NR,Nauru,2,13,65,0,1000,1571760935,0,0.0,0.0
Portugal,NU,Niue,2,13,65,0,1000,1571760935,0,0.0,0.0
Portugal,NZ,New Zealand,2,13,65,996,1000,1571760935,4,0.011280111442064849,0.0
Portugal,OM,Oman,2,13,65,0,1000,1571760935,0,0.0,0.0
Portugal,PA,Panama,2,13,65,249,1000,1571760935,3,0.0028200278605162122,0.0
Portugal,PE,Peru,2,13,65,332,1000,1571760935,3,0.00376003714735495,0.0
Portugal,PF,French Polynesia,2,13,65,0,1000,1571760935,0,0.0,0.0
Portugal,PG,Papua New Guinea,2,13,65,0,1000,1571760935,0,0.0,0.0
Portugal,PH,Philippines,2,13,65,2307,3900,1571760935,4,0.026127728008879123,0.026605504587155965
Portugal,PK,Pakistan,2,13,65,0,1000,1571760935,0,0.0,0.0
Portugal,PL,Poland,2,13,65,989,1000,1571760935,4,0.01120083355040375,0.0
Portugal,PM,Saint Pierre and Miquelon,2,13,65,0,1000,1571760935,0,0.0,0.0
Portugal,PN,Pitcairn,2,13,65,0,1000,1571760935,0,0.0,0.0
Portugal,PR,Puerto Rico,2,13,65,0,1000,1571760935,0,0.0,0.0
Portugal,PS,Palestine,2,13,65,0,1000,1571760935,0,0.0,0.0
Portugal,PT,Portugal,2,13,65,2114,2500,1571760935,4,0.0239419232816517,0.013761467889908258
Portugal,PW,Palau,2,13,65,0,1000,1571760935,0,0.0,0.0
Portugal,PY,Paraguay,2,13,65,0,1000,1571760935,0,0.0,0.0
Portugal,QA,Qatar,2,13,65,996,1000,1571760935,4,0.011280111442064849,0.0
Portugal,RE,Réunion,2,13,65,989,1000,1571760935,4,0.01120083355040375,0.0
Portugal,RO,Romania,2,13,65,664,1000,1571760935,3,0.0075200742947099,0.0
Portugal,RS,Serbia,2,13,65,0,1000,1571760935,0,0.0,0.0
Portugal,RU,Russia,2,13,65,0,1000,1571760935,0,0.0,0.0
Portugal,RW,Rwanda,2,13,65,989,1000,1571760935,4,0.01120083355040375,0.0
Portugal,SA,Saudi Arabia,2,13,65,996,1000,1571760935,4,0.011280111442064849,0.0
Portugal,SB,Solomon Islands,2,13,65,0,1000,1571760935,0,0.0,0.0
Portugal,SC,Seychelles,2,13,65,0,1000,1571760935,0,0.0,0.0
Portugal,SE,Sweden,2,13,65,998,1000,1571760935,4,0.011302762268253734,0.0
Portugal,SG,Singapore,2,13,65,664,1000,1571760935,3,0.0075200742947099,0.0
Portugal,SH,Saint Helena,2,13,65,0,1000,1571760935,0,0.0,0.0
Portugal,SI,Slovenia,2,13,65,0,1000,1571760935,0,0.0,0.0
Portugal,SJ,Svalbard and Jan Mayen,2,13,65,0,1000,1571760935,0,0.0,0.0
Portugal,SK,Slovakia,1,13,65,989,1000,1571760935,4,0.01120083355040375,0.0
Portugal,SL,Sierra Leone,1,13,65,0,1000,1571760935,0,0.0,0.0
Portugal,SM,San Marino,1,13,65,0,1000,1571760935,0,0.0,0.0
Portugal,SN,Senegal,1,13,65,544,1000,1571760935,3,0.006161024723376785,0.0
Portugal,SO,Somalia,1,13,65,0,1000,1571760935,0,0.0,0.0
Portugal,SR,Suriname,1,13,65,0,1000,1571760935,0,0.0,0.0
Portugal,SS,South Sudan,1,13,65,0,1000,1571760935,0,0.0,0.0
Portugal,ST,Sao Tome and Principe,1,13,65,0,1000,1571760935,0,0.0,0.0
Portugal,SV,El Salvador,1,13,65,994,1000,1571760935,4,0.011257460615875963,0.0
Portugal,SX,Sint Maarten,1,13,65,0,1000,1571760935,0,0.0,0.0
Portugal,SZ,Swaziland,1,13,65,0,1000,1571760935,0,0.0,0.0
Portugal,TC,Turks and Caicos Islands,1,13,65,0,1000,1571760935,0,0.0,0.0
Portugal,TD,Chad,1,13,65,0,1000,1571760935,0,0.0,0.0
Portugal,TF,French Southern Territories,1,13,65,0,1000,1571760935,0,0.0,0.0
Portugal,TG,Togo,1,13,65,994,1000,1571760935,4,0.011257460615875963,0.0
Portugal,TH,Thailand,1,13,65,749,1000,1571760935,3,0.008482734407737523,0.0
Portugal,TJ,Tajikistan,1,13,65,0,1000,1571760935,0,0.0,0.0
Portugal,TK,Tokelau,1,13,65,0,1000,1571760935,0,0.0,0.0
Portugal,TL,Timor-Leste,1,13,65,285,1000,1571760935,3,0.0032277427319161466,0.0
Portugal,TM,Turkmenistan,1,13,65,0,1000,1571760935,0,0.0,0.0
Portugal,TN,Tunisia,1,13,65,2096,3100,1571760935,4,0.02373806584595173,0.01926605504587156
Portugal,TO,Tonga,1,13,65,0,1000,1571760935,0,0.0,0.0
Portugal,TR,Turkey,1,13,65,332,1000,1571760935,3,0.00376003714735495,0.0
Portugal,TT,Trinidad and Tobago,1,13,65,989,1000,1571760935,4,0.01120083355040375,0.0
Portugal,TV,Tuvalu,1,13,65,0,1000,1571760935,0,0.0,0.0
Portugal,TW,Taiwan,1,13,65,0,1000,1571760935,0,0.0,0.0
Portugal,TZ,Tanzania,1,13,65,0,1000,1571760935,0,0.0,0.0
Portugal,UA,Ukraine,1,13,65,598,1000,1571760935,3,0.006772597030476686,0.0
Portugal,UG,Uganda,1,13,65,0,1000,1571760935,0,0.0,0.0
Portugal,UM,United States Minor Outlying Islands,1,13,65,0,1000,1571760935,0,0.0,0.0
Portugal,US,United States,1,13,65,15180,20000,1571760935,4,0.17191977077363896,0.1743119266055046
Portugal,UY,Uruguay,1,13,65,497,1000,1571760935,3,0.005628730307937982,0.0
Portugal,UZ,Uzbekistan,1,13,65,0,1000,1571760935,0,0.0,0.0
Portugal,VA,Vatican City,1,13,65,0,1000,1571760935,0,0.0,0.0
Portugal,VC,Saint Vincent and the Grenadines,1,13,65,0,1000,1571760935,0,0.0,0.0
Portugal,VE,Venezuela,1,13,65,1399,2900,1571760935,4,0.015844252919125223,0.01743119266055046
Portugal,VG,British Virgin Islands,1,13,65,0,1000,1571760935,0,0.0,0.0
Portugal,VI,US Virgin Islands,1,13,65,0,1000,1571760935,0,0.0,0.0
Portugal,VN,Vietnam,1,13,65,332,1000,1571760935,3,0.00376003714735495,0.0
Portugal,VU,Vanuatu,1,13,65,0,1000,1571760935,0,0.0,0.0
Portugal,WF,Wallis and Futuna,1,13,65,0,1000,1571760935,0,0.0,0.0
Portugal,WS,Samoa,1,13,65,0,1000,1571760935,0,0.0,0.0
Portugal,XK,Kosovo,1,13,65,0,1000,1571760935,0,0.0,0.0
Portugal,YE,Yemen,1,13,65,0,1000,1571760935,0,0.0,0.0
Portugal,YT,Mayotte,1,13,65,0,1000,1571760935,0,0.0,0.0
Portugal,ZA,South Africa,1,13,65,799,1600,1571760935,3,0.009049005062459653,0.005504587155963303
Portugal,ZM,Zambia,1,13,65,0,1000,1571760935,0,0.0,0.0
Portugal,ZW,Zimbabwe,1,13,65,0,1000,1571760935,0,0.0,0.0
Portugal,SK,Slovakia,2,13,65,0,1000,1571760935,0,0.0,0.0
Portugal,SL,Sierra Leone,2,13,65,0,1000,1571760935,0,0.0,0.0
Portugal,SM,San Marino,2,13,65,0,1000,1571760935,0,0.0,0.0
Portugal,SN,Senegal,2,13,65,285,1000,1571760935,3,0.0032277427319161466,0.0
Portugal,SO,Somalia,2,13,65,0,1000,1571760935,0,0.0,0.0
Portugal,SR,Suriname,2,13,65,0,1000,1571760935,0,0.0,0.0
Portugal,SS,South Sudan,2,13,65,0,1000,1571760935,0,0.0,0.0
Portugal,ST,Sao Tome and Principe,2,13,65,332,1000,1571760935,3,0.00376003714735495,0.0
Portugal,SV,El Salvador,2,13,65,497,1000,1571760935,3,0.005628730307937982,0.0
Portugal,SX,Sint Maarten,2,13,65,0,1000,1571760935,0,0.0,0.0
Portugal,SZ,Swaziland,2,13,65,0,1000,1571760935,0,0.0,0.0
Portugal,TC,Turks and Caicos Islands,2,13,65,0,1000,1571760935,0,0.0,0.0
Portugal,TD,Chad,2,13,65,0,1000,1571760935,0,0.0,0.0
Portugal,TF,French Southern Territories,2,13,65,0,1000,1571760935,0,0.0,0.0
Portugal,TG,Togo,2,13,65,0,1000,1571760935,0,0.0,0.0
Portugal,TH,Thailand,2,13,65,0,1000,1571760935,0,0.0,0.0
Portugal,TJ,Tajikistan,2,13,65,0,1000,1571760935,0,0.0,0.0
Portugal,TK,Tokelau,2,13,65,0,1000,1571760935,0,0.0,0.0
Portugal,TL,Timor-Leste,2,13,65,249,1000,1571760935,3,0.0028200278605162122,0.0
Portugal,TM,Turkmenistan,2,13,65,0,1000,1571760935,0,0.0,0.0
Portugal,TN,Tunisia,2,13,65,1839,2400,1571760935,4,0.020827434680679976,0.012844036697247707
Portugal,TO,Tonga,2,13,65,0,1000,1571760935,0,0.0,0.0
Portugal,TR,Turkey,2,13,65,0,1000,1571760935,0,0.0,0.0
Portugal,TT,Trinidad and Tobago,2,13,65,0,1000,1571760935,0,0.0,0.0
Portugal,TV,Tuvalu,2,13,65,0,1000,1571760935,0,0.0,0.0
Portugal,TW,Taiwan,2,13,65,0,1000,1571760935,0,0.0,0.0
Portugal,TZ,Tanzania,2,13,65,0,1000,1571760935,0,0.0,0.0
Portugal,UA,Ukraine,2,13,65,665,1000,1571760935,3,0.007531399707804342,0.0
Portugal,UG,Uganda,2,13,65,0,1000,1571760935,0,0.0,0.0
Portugal,UM,United States Minor Outlying Islands,2,13,65,0,1000,1571760935,0,0.0,0.0
Portugal,US,United States,2,13,65,18789,24000,1571760935,4,0.2127931866314824,0.21100917431192662
Portugal,UY,Uruguay,2,13,65,994,1000,1571760935,4,0.011257460615875963,0.0
Portugal,UZ,Uzbekistan,2,13,65,0,1000,1571760935,0,0.0,0.0
Portugal,VA,Vatican City,2,13,65,0,1000,1571760935,0,0.0,0.0
Portugal,VC,Saint Vincent and the Grenadines,2,13,65,0,1000,1571760935,0,0.0,0.0
Portugal,VE,Venezuela,2,13,65,1386,2700,1571760935,4,0.01569702254889747,0.015596330275229359
Portugal,VG,British Virgin Islands,2,13,65,0,1000,1571760935,0,0.0,0.0
Portugal,VI,US Virgin Islands,2,13,65,0,1000,1571760935,0,0.0,0.0
Portugal,VN,Vietnam,2,13,65,0,1000,1571760935,0,0.0,0.0
Portugal,VU,Vanuatu,2,13,65,0,1000,1571760935,0,0.0,0.0
Portugal,WF,Wallis and Futuna,2,13,65,0,1000,1571760935,0,0.0,0.0
Portugal,WS,Samoa,2,13,65,0,1000,1571760935,0,0.0,0.0
Portugal,XK,Kosovo,2,13,65,0,1000,1571760935,0,0.0,0.0
Portugal,YE,Yemen,2,13,65,0,1000,1571760935,0,0.0,0.0
Portugal,YT,Mayotte,2,13,65,0,1000,1571760935,0,0.0,0.0
Portugal,ZA,South Africa,2,13,65,843,1500,1571760935,4,0.00954732323861513,0.0045871559633027525
Portugal,ZM,Zambia,2,13,65,0,1000,1571760935,0,0.0,0.0
Portugal,ZW,Zimbabwe,2,13,65,989,1000,1571760935,4,0.01120083355040375,0.0
