Country_Code,Daily_Audience,Monthly_Audience,Daily_Audience_Per,Monthly_Audience_Per,Country_Names
AD,4110,4600,0.006054436900540775,0.0038076318185580665,Andorra
AE,1574,2000,0.0023186578300367832,0.0016554920950252463,United Arab Emirates
AF,994,2000,0.0014642604085492773,0.0016554920950252463,Afghanistan
AG,0,2000,0.0,0.0016554920950252463,Antigua
AI,0,2000,0.0,0.0016554920950252463,Anguilla
AL,0,2000,0.0,0.0016554920950252463,Albania
AM,0,2000,0.0,0.0016554920950252463,Armenia
AN,0,2000,0.0,0.0016554920950252463,Netherlands Antilles
AO,8305,18500,0.012234087216299545,0.015313301878983528,Angola
AQ,0,2000,0.0,0.0016554920950252463,Antarctica
AR,1435,2100,0.002113897068680295,0.0017382666997765085,Argentina
AS,0,2000,0.0,0.0016554920950252463,American Samoa
AT,1635,2000,0.0024085168691932277,0.0016554920950252463,Austria
AU,3120,4100,0.004596068888001756,0.003393758794801755,Australia
AW,0,2000,0.0,0.0016554920950252463,Aruba
AX,0,2000,0.0,0.0016554920950252463,Aland Islands
AZ,0,2000,0.0,0.0016554920950252463,Azerbaijan
BA,0,2000,0.0,0.0016554920950252463,Bosnia and Herzegovina
BB,989,2000,0.001456894913536454,0.0016554920950252463,Barbados
BD,554,2000,0.0008160968474208246,0.0016554920950252463,Bangladesh
BE,11877,15000,0.01749599685346053,0.012416190712689347,Belgium
BF,0,2000,0.0,0.0016554920950252463,Burkina Faso
BG,497,2000,0.0007321302042746387,0.0016554920950252463,Bulgaria
BH,0,2000,0.0,0.0016554920950252463,Bahrain
BI,989,2000,0.001456894913536454,0.0016554920950252463,Burundi
BJ,302,3000,0.00044487589877452893,0.0024832381425378696,Benin
BL,1990,2000,0.002931467015103684,0.0016554920950252463,Saint Barthélemy
BM,554,2000,0.0008160968474208246,0.0016554920950252463,Bermuda
BN,0,2000,0.0,0.0016554920950252463,Brunei
BO,1326,2000,0.001953329277400746,0.0016554920950252463,Bolivia
BQ,0,2000,0.0,0.0016554920950252463,"Bonaire, Sint Eustatius and Saba"
BR,58488,93000,0.08615861446200215,0.07698038241867396,Brazil
BS,0,2000,0.0,0.0016554920950252463,The Bahamas
BT,0,2000,0.0,0.0016554920950252463,Bhutan
BV,0,2000,0.0,0.0016554920950252463,Bouvet Island
BW,994,2000,0.0014642604085492773,0.0016554920950252463,Botswana
BY,0,2000,0.0,0.0016554920950252463,Belarus
BZ,0,2000,0.0,0.0016554920950252463,Belize
CA,26776,33000,0.03944369889267148,0.027315619567916564,Canada
CC,0,2000,0.0,0.0016554920950252463,Cocos (Keeling) Islands
CD,0,2000,0.0,0.0016554920950252463,Democratic Republic of the Congo
CF,0,2000,0.0,0.0016554920950252463,Central African Republic
CG,989,2000,0.001456894913536454,0.0016554920950252463,Republic of the Congo
CH,84843,103000,0.1249821386745939,0.08525784289380019,Switzerland
CI,448,2000,0.0006599483531489701,0.0016554920950252463,Côte d'Ivoire
CK,0,2000,0.0,0.0016554920950252463,Cook Islands
CL,1743,2000,0.002567611561470212,0.0016554920950252463,Chile
CM,497,2000,0.0007321302042746387,0.0016554920950252463,Cameroon
CN,199,2000,0.0002931467015103684,0.0016554920950252463,China
CO,1563,2100,0.002302453741008572,0.0017382666997765085,Colombia
CR,989,2000,0.001456894913536454,0.0016554920950252463,Costa Rica
CV,11796,18600,0.017376675834252793,0.01539607648373479,Cape Verde
CW,497,2000,0.0007321302042746387,0.0016554920950252463,Curaçao
CX,0,2000,0.0,0.0016554920950252463,Christmas Island
CY,0,2000,0.0,0.0016554920950252463,Cyprus
CZ,497,2000,0.0007321302042746387,0.0016554920950252463,Czech Republic
DE,19276,26000,0.02839545637343649,0.021521397235328203,Germany
DJ,0,2000,0.0,0.0016554920950252463,Djibouti
DK,1491,2000,0.002196390612823916,0.0016554920950252463,Denmark
DM,0,2000,0.0,0.0016554920950252463,Dominica
DO,249,2000,0.0003668016516386017,0.0016554920950252463,Dominican Republic
DZ,1995,3500,0.0029388325101165074,0.002897111166294181,Algeria
EC,1658,2000,0.0024423981462522153,0.0016554920950252463,Ecuador
EE,0,2000,0.0,0.0016554920950252463,Estonia
EG,598,2000,0.0008809132035336699,0.0016554920950252463,Egypt
EH,0,2000,0.0,0.0016554920950252463,Western Sahara
ER,0,2000,0.0,0.0016554920950252463,Eritrea
ES,20898,28000,0.030784822955596376,0.02317688933035345,Spain
ET,249,2000,0.0003668016516386017,0.0016554920950252463,Ethiopia
FI,748,2000,0.0011018780539183697,0.0016554920950252463,Finland
FJ,994,2000,0.0014642604085492773,0.0016554920950252463,Fiji
FK,0,2000,0.0,0.0016554920950252463,Falkland Islands
FM,0,2000,0.0,0.0016554920950252463,Federated States of Micronesia
FO,0,2000,0.0,0.0016554920950252463,Faroe Islands
FR,174990,220000,0.2577775944587908,0.1821041304527771,France
GA,199,2000,0.0002931467015103684,0.0016554920950252463,Gabon
GB,39383,53000,0.05801505801800422,0.04387054051816903,United Kingdom
GD,0,2000,0.0,0.0016554920950252463,Grenada
GE,994,2000,0.0014642604085492773,0.0016554920950252463,Georgia
GF,989,2000,0.001456894913536454,0.0016554920950252463,French Guiana
GG,1388,2000,0.0020446614155597556,0.0016554920950252463,Guernsey
GH,624,2000,0.0009192137776003512,0.0016554920950252463,Ghana
GI,497,2000,0.0007321302042746387,0.0016554920950252463,Gibraltar
GL,0,2000,0.0,0.0016554920950252463,Greenland
GM,0,2000,0.0,0.0016554920950252463,The Gambia
GN,498,2000,0.0007336033032772034,0.0016554920950252463,Guinea
GP,0,2000,0.0,0.0016554920950252463,Guadeloupe
GQ,0,2000,0.0,0.0016554920950252463,Equatorial Guinea
GR,1983,2000,0.0029211553220857313,0.0016554920950252463,Greece
GS,0,2000,0.0,0.0016554920950252463,South Georgia and the South Sandwich Islands
GT,1985,2000,0.0029241015200908607,0.0016554920950252463,Guatemala
GU,0,2000,0.0,0.0016554920950252463,Guam
GW,897,2000,0.0013213698053005049,0.0016554920950252463,Guinea-Bissau
GY,0,2000,0.0,0.0016554920950252463,Guyana
HK,497,2000,0.0007321302042746387,0.0016554920950252463,Hong Kong
HM,0,2000,0.0,0.0016554920950252463,Heard Island and McDonald Islands
HN,996,2000,0.0014672066065544067,0.0016554920950252463,Honduras
HR,0,2000,0.0,0.0016554920950252463,Croatia
HT,994,2000,0.0014642604085492773,0.0016554920950252463,Haiti
HU,1988,2000,0.0029285208170985546,0.0016554920950252463,Hungary
ID,5931,10000,0.00873695018421103,0.008277460475126232,Indonesia
IE,1285,2000,0.001892932218295595,0.0016554920950252463,Ireland
IL,989,2000,0.001456894913536454,0.0016554920950252463,Israel
IM,0,2000,0.0,0.0016554920950252463,Isle Of Man
IN,1850,4200,0.002725233154744631,0.003476533399553017,India
IO,0,2000,0.0,0.0016554920950252463,British Indian Ocean Territory
IQ,798,2000,0.001175533004046603,0.0016554920950252463,Iraq
IS,1849,2000,0.0027237600557420663,0.0016554920950252463,Iceland
IT,2231,3200,0.0032864838747217683,0.002648787352040394,Italy
JE,3690,4100,0.005435735319463615,0.003393758794801755,Jersey
JM,0,2000,0.0,0.0016554920950252463,Jamaica
JO,497,2000,0.0007321302042746387,0.0016554920950252463,Jordan
JP,994,2000,0.0014642604085492773,0.0016554920950252463,Japan
KE,332,2000,0.0004890688688514689,0.0016554920950252463,Kenya
KG,0,2000,0.0,0.0016554920950252463,Kyrgyzstan
KH,0,2000,0.0,0.0016554920950252463,Cambodia
KI,0,2000,0.0,0.0016554920950252463,Kiribati
KM,0,2000,0.0,0.0016554920950252463,Comoros
KN,0,2000,0.0,0.0016554920950252463,Saint Kitts and Nevis
KR,1983,2000,0.0029211553220857313,0.0016554920950252463,South Korea
KW,1486,2000,0.0021890251178110927,0.0016554920950252463,Kuwait
KY,0,2000,0.0,0.0016554920950252463,Cayman Islands
KZ,0,2000,0.0,0.0016554920950252463,Kazakhstan
LA,0,2000,0.0,0.0016554920950252463,Laos
LB,664,2000,0.0009781377377029378,0.0016554920950252463,Lebanon
LC,0,2000,0.0,0.0016554920950252463,St. Lucia
LI,0,2000,0.0,0.0016554920950252463,Liechtenstein
LK,0,2000,0.0,0.0016554920950252463,Sri Lanka
LR,0,2000,0.0,0.0016554920950252463,Liberia
LS,994,2000,0.0014642604085492773,0.0016554920950252463,Lesotho
LT,994,2000,0.0014642604085492773,0.0016554920950252463,Lithuania
LU,27673,32000,0.04076506869797199,0.02648787352040394,Luxembourg
LV,0,2000,0.0,0.0016554920950252463,Latvia
LY,989,2000,0.001456894913536454,0.0016554920950252463,Libya
MA,922,2300,0.0013581972803646215,0.0019038159092790333,Morocco
MC,1991,2000,0.002932940114106249,0.0016554920950252463,Monaco
MD,1978,2000,0.002913789827072908,0.0016554920950252463,Moldova
ME,0,2000,0.0,0.0016554920950252463,Montenegro
MF,0,2000,0.0,0.0016554920950252463,Saint Martin
MG,994,2000,0.0014642604085492773,0.0016554920950252463,Madagascar
MH,0,2000,0.0,0.0016554920950252463,Marshall Islands
MK,0,2000,0.0,0.0016554920950252463,Macedonia
ML,1486,2000,0.0021890251178110927,0.0016554920950252463,Mali
MM,989,2000,0.001456894913536454,0.0016554920950252463,Myanmar
MN,0,2000,0.0,0.0016554920950252463,Mongolia
MO,1487,2000,0.0021904982168136572,0.0016554920950252463,Macau
MP,0,2000,0.0,0.0016554920950252463,Northern Mariana Islands
MQ,0,2000,0.0,0.0016554920950252463,Martinique
MR,989,2000,0.001456894913536454,0.0016554920950252463,Mauritania
MS,0,2000,0.0,0.0016554920950252463,Montserrat
MT,0,2000,0.0,0.0016554920950252463,Malta
MU,0,2000,0.0,0.0016554920950252463,Mauritius
MV,989,2000,0.001456894913536454,0.0016554920950252463,Maldives
MW,989,2000,0.001456894913536454,0.0016554920950252463,Malawi
MX,7926,9900,0.011675782694327537,0.008194685870374968,Mexico
MY,1564,2000,0.0023039268400111366,0.0016554920950252463,Malaysia
MZ,2775,4800,0.004087849732116946,0.003973181028060591,Mozambique
NC,989,2000,0.001456894913536454,0.0016554920950252463,New Caledonia
NE,989,2000,0.001456894913536454,0.0016554920950252463,Niger
NF,0,2000,0.0,0.0016554920950252463,Norfolk Island
NG,2282,5700,0.0033616119238525665,0.0047181524708219515,Nigeria
NI,989,2000,0.001456894913536454,0.0016554920950252463,Nicaragua
NL,5103,7100,0.007517224210087488,0.005876996937339624,Netherlands
NO,1739,2000,0.002561719165459953,0.0016554920950252463,Norway
NP,748,2000,0.0011018780539183697,0.0016554920950252463,Nepal
NR,0,2000,0.0,0.0016554920950252463,Nauru
NU,0,2000,0.0,0.0016554920950252463,Niue
NZ,996,2000,0.0014672066065544067,0.0016554920950252463,New Zealand
OM,0,2000,0.0,0.0016554920950252463,Oman
PA,747,2000,0.001100404954915805,0.0016554920950252463,Panama
PE,1019,2000,0.001501087883613394,0.0016554920950252463,Peru
PF,0,2000,0.0,0.0016554920950252463,French Polynesia
PG,0,2000,0.0,0.0016554920950252463,Papua New Guinea
PH,4119,7300,0.006067694791563856,0.006042546146842149,Philippines
PK,221,2000,0.00032555487956679107,0.0016554920950252463,Pakistan
PL,1986,2000,0.0029255746190934256,0.0016554920950252463,Poland
PM,0,2000,0.0,0.0016554920950252463,Saint Pierre and Miquelon
PN,0,2000,0.0,0.0016554920950252463,Pitcairn
PR,0,2000,0.0,0.0016554920950252463,Puerto Rico
PS,0,2000,0.0,0.0016554920950252463,Palestine
PT,4458,5800,0.006567075353433278,0.004800927075573214,Portugal
PW,0,2000,0.0,0.0016554920950252463,Palau
PY,989,2000,0.001456894913536454,0.0016554920950252463,Paraguay
QA,996,2000,0.0014672066065544067,0.0016554920950252463,Qatar
RE,989,2000,0.001456894913536454,0.0016554920950252463,Réunion
RO,1660,2000,0.0024453443442573443,0.0016554920950252463,Romania
RS,0,2000,0.0,0.0016554920950252463,Serbia
RU,498,2000,0.0007336033032772034,0.0016554920950252463,Russia
RW,989,2000,0.001456894913536454,0.0016554920950252463,Rwanda
SA,1328,2000,0.0019562754754058756,0.0016554920950252463,Saudi Arabia
SB,0,2000,0.0,0.0016554920950252463,Solomon Islands
SC,0,2000,0.0,0.0016554920950252463,Seychelles
SE,1766,2000,0.002601492838529199,0.0016554920950252463,Sweden
SG,1660,2000,0.0024453443442573443,0.0016554920950252463,Singapore
SH,0,2000,0.0,0.0016554920950252463,Saint Helena
SI,0,2000,0.0,0.0016554920950252463,Slovenia
SJ,0,2000,0.0,0.0016554920950252463,Svalbard and Jan Mayen
SK,989,2000,0.001456894913536454,0.0016554920950252463,Slovakia
SL,0,2000,0.0,0.0016554920950252463,Sierra Leone
SM,0,2000,0.0,0.0016554920950252463,San Marino
SN,829,2000,0.0012211990731261077,0.0016554920950252463,Senegal
SO,0,2000,0.0,0.0016554920950252463,Somalia
SR,0,2000,0.0,0.0016554920950252463,Suriname
SS,0,2000,0.0,0.0016554920950252463,South Sudan
ST,332,2000,0.0004890688688514689,0.0016554920950252463,Sao Tome and Principe
SV,1491,2000,0.002196390612823916,0.0016554920950252463,El Salvador
SX,0,2000,0.0,0.0016554920950252463,Sint Maarten
SZ,0,2000,0.0,0.0016554920950252463,Swaziland
TC,0,2000,0.0,0.0016554920950252463,Turks and Caicos Islands
TD,0,2000,0.0,0.0016554920950252463,Chad
TF,0,2000,0.0,0.0016554920950252463,French Southern Territories
TG,994,2000,0.0014642604085492773,0.0016554920950252463,Togo
TH,749,2000,0.0011033511529209344,0.0016554920950252463,Thailand
TJ,0,2000,0.0,0.0016554920950252463,Tajikistan
TK,0,2000,0.0,0.0016554920950252463,Tokelau
TL,534,2000,0.0007866348673695313,0.0016554920950252463,Timor-Leste
TM,0,2000,0.0,0.0016554920950252463,Turkmenistan
TN,3935,5500,0.0057966445750919585,0.004552603261319428,Tunisia
TO,0,2000,0.0,0.0016554920950252463,Tonga
TR,332,2000,0.0004890688688514689,0.0016554920950252463,Turkey
TT,989,2000,0.001456894913536454,0.0016554920950252463,Trinidad and Tobago
TV,0,2000,0.0,0.0016554920950252463,Tuvalu
TW,0,2000,0.0,0.0016554920950252463,Taiwan
TZ,0,2000,0.0,0.0016554920950252463,Tanzania
UA,1263,2000,0.0018605240402391724,0.0016554920950252463,Ukraine
UG,0,2000,0.0,0.0016554920950252463,Uganda
UM,0,2000,0.0,0.0016554920950252463,United States Minor Outlying Islands
US,33969,44000,0.05003970001811912,0.03642082609055542,United States
UY,1491,2000,0.002196390612823916,0.0016554920950252463,Uruguay
UZ,0,2000,0.0,0.0016554920950252463,Uzbekistan
VA,0,2000,0.0,0.0016554920950252463,Vatican City
VC,0,2000,0.0,0.0016554920950252463,Saint Vincent and the Grenadines
VE,2785,5600,0.004102580722142593,0.0046353778660706895,Venezuela
VG,0,2000,0.0,0.0016554920950252463,British Virgin Islands
VI,0,2000,0.0,0.0016554920950252463,US Virgin Islands
VN,332,2000,0.0004890688688514689,0.0016554920950252463,Vietnam
VU,0,2000,0.0,0.0016554920950252463,Vanuatu
WF,0,2000,0.0,0.0016554920950252463,Wallis and Futuna
WS,0,2000,0.0,0.0016554920950252463,Samoa
XK,0,2000,0.0,0.0016554920950252463,Kosovo
YE,0,2000,0.0,0.0016554920950252463,Yemen
YT,0,2000,0.0,0.0016554920950252463,Mayotte
ZA,1642,3100,0.0024188285622111804,0.0025660127472891315,South Africa
ZM,0,2000,0.0,0.0016554920950252463,Zambia
ZW,989,2000,0.001456894913536454,0.0016554920950252463,Zimbabwe
